n,hit,window_ms,delta_ms,time_a,hit_time,hits_total,score
1,True,96.29316724107123,17.478653964642987,14.755484522660195,14.772963176624838,34,1350
2,True,121.86808389582478,17.478942689193033,14.840115273565685,14.857594216254878,35,1400
3,True,142.72193702534122,17.545465481815015,14.886725787333203,14.904271252815018,36,1450
4,True,121.86808389582478,17.479038710005668,14.997492279891672,15.014971318601678,37,1550
5,True,96.29316724107123,18.18249979987563,15.129783688794928,15.147966188594804,38,1600
6,True,121.86808389582478,18.18290003575207,15.202512588335308,15.22069548837106,39,1650
7,True,142.72193702534048,18.181599676607263,15.250999887922886,15.269181487599493,40,1700
8,True,159.76238102078472,18.182699801398527,15.360094186367574,15.378276886168972,41,1750
9,True,171.4313075014281,18.181999912483704,15.472554485064107,15.49073648497659,42,1850
10,True,159.76238102078472,18.238799879323864,16.676314172783975,16.6945529726633,43,1900
11,True,121.86808389582387,18.182599917050624,17.40800186594214,17.42618446585919,44,1950
12,True,96.29316724107123,18.182599917050624,17.54785696438711,17.56603956430416,45,2000
13,True,121.86808389582387,18.182199681174183,17.741803263530244,17.759985463211418,46,2050
14,True,96.29316724107123,18.182199681174183,17.911568762485047,17.92975096216622,47,2100
15,True,121.86808389582387,18.18259968421998,18.348104657355805,18.366287257040025,48,2150
16,True,96.29316724107123,18.182299798350954,18.51477665545616,18.53295895525451,49,2200
17,True,121.86808389582387,18.182999687265777,18.711752654036616,18.72993565372388,50,2250
18,True,96.29316724107123,18.182499799873852,18.878568452300613,18.896750952100486,51,2300
19,True,121.86808389582387,18.18259968421998,19.557458842622225,19.575641442306445,52,2350
20,True,142.72193702534122,18.182599917050624,19.605945241853703,19.624127841770754,53,2450
21,True,121.86808389582566,18.182099796828055,19.71503994053427,19.733222040331096,54,2500
22,True,96.29316724107123,18.181799678128385,19.845347639156614,19.863529438834743,55,2550
23,True,121.86808389582387,18.182499799873852,20.0423235369214,20.060506036721275,56,2600
24,True,142.72193702534122,18.18239968269708,20.087779736595337,20.105962136278034,57,2700
25,True,121.86808389582566,18.182499799873852,20.199904135411714,20.218086635211588,58,2750
26,True,96.29316724107123,18.182099796828055,20.330211734382544,20.348393834179372,59,2800
27,True,121.86808389582387,18.18179991095903,20.403132433287908,20.421314233198867,60,2850
28,True,142.72193702534122,18.182399915527725,20.451618332864825,20.469800732780353,61,2900
29,True,121.86808389582566,18.181899795305156,20.560712931893875,20.57889483168918,62,2950
30,True,96.29316724107123,18.258600030090832,20.69405093042377,20.71230953045386,63,3000
31,True,121.86808389582387,18.182599917050624,20.88807302897993,20.906255628896982,64,3050
32,True,96.29316724107123,18.182499799873852,20.924437728460987,20.94262022826086,65,3100
33,True,142.72193702534122,18.18179991095903,20.94565092817146,20.96383272808242,66,3150
34,True,121.86808389582566,18.184099812057042,21.166896526685093,21.18508062649715,67,3250
35,True,96.29316724107123,18.182599917050624,21.297206025088315,21.315388625005365,68,3300
36,True,121.86808389582566,18.181899562474513,21.49418222250614,21.512364122068615,69,3350
37,True,142.72193702534122,18.18289980291965,21.539637921827023,21.557820821629942,70,3450
38,True,121.86808389582387,18.18229956552031,21.651942620735724,21.670124920301244,71,3500
39,True,96.29316724107123,18.182399915527725,21.782253019029383,21.80043541894491,72,3550
40,True,121.86808389582387,18.182699568566107,21.854982618225847,21.873165317794413,73,3600
41,True,142.72193702533977,18.511399859558963,21.903469317343195,21.921980717202754,74,3650
42,True,121.86808389582387,18.18229956552031,22.012908615853746,22.031090915419266,75,3700
43,True,96.29316724107123,18.18279968574288,22.146374914312844,22.164557713998587,76,3750
44,True,121.86808389582566,18.182499799873852,22.340421911778037,22.35860441157791,77,3800
45,True,142.72193702534122,18.182199681174183,22.385878011101966,22.40406021078314,78,3900
46,True,121.86808389582566,18.19599978625419,22.61925930784281,22.637455307629065,79,4000
47,True,96.29316724107123,18.18269980139675,22.749617906270657,22.767800606072054,80,4050
48,True,121.86808389582387,18.18229956552031,22.94356780381139,22.96175010337691,81,4100
49,True,142.72193702533977,18.182199914004826,22.992087803298716,23.01027000321272,82,4200
50,True,121.86808389582387,18.18239968269708,23.101182202326243,23.11936460200894,83,4250
51,True,96.29316724107123,18.182199914004826,23.23487900032859,23.253061200242595,84,4300
52,True,121.86808389582387,18.182700034227395,23.307619499724467,23.325802199758694,85,4350
53,True,142.72193702534122,18.181799678128385,23.356125899108235,23.374307698786364,86,4400
54,True,121.86808389582566,18.182399915527725,23.465840598086004,23.48402299800153,87,4450
55,True,96.29316724107123,18.182199681174183,23.596263297118355,23.61444549679953,88,4500
56,True,121.86808389582387,18.18109978921356,23.790209394630153,23.808390494419367,89,4550
57,True,142.72193702534122,18.18269980139675,23.83869529397424,23.856877993775637,90,4650
58,True,121.86808389582387,21.324499743055725,24.06913569148827,24.090460191231326,91,4750
59,True,96.29316724107123,18.214599927883768,24.203028789937605,24.22124338986549,92,4800
60,True,121.86808389582566,18.182299798350954,24.397306087643017,24.415488387441368,93,4850
