elapsed_s,total_window_ms
0.000000,171.431308
2.586729,159.762381
2.836663,142.721937
2.964472,159.762381
3.076553,143.944327
3.329002,96.293167
3.534544,143.944327
3.572395,159.762381
3.806589,142.721937
4.413910,159.762381
4.768411,142.721937
4.902558,159.762381
5.254139,142.721937
5.381363,159.762381
5.496257,143.944327
5.748214,96.293167
5.834720,121.868084
5.876595,142.721937
5.992468,121.868084
6.119562,96.293167
6.194549,121.868084
6.241593,142.721937
6.348569,159.762381
6.706878,142.721937
6.834002,159.762381
7.190770,142.721937
7.318782,159.762381
7.673001,142.721937
8.046670,121.868084
8.176197,96.293167
8.251160,121.868084
8.297725,142.721937
8.407712,121.868084
8.539295,96.293167
8.735505,121.868084
8.900666,96.293167
9.336076,121.868084
9.388671,142.721937
10.225766,159.762381
10.338988,171.431308
11.540190,159.762381
11.907952,171.431308
13.231823,143.944327
13.492054,96.293167
13.570950,121.868084
13.619091,142.721937
13.735176,121.868084
13.864478,96.293167
13.934040,121.868084
13.982310,142.721937
14.092876,159.762381
14.203792,171.431308
15.412233,159.762381
16.143544,121.868084
16.280820,96.293167
16.475594,121.868084
16.644920,96.293167
17.083320,121.868084
17.248806,96.293167
17.441551,121.868084
17.611159,96.293167
18.291770,121.868084
18.339202,142.721937
18.449422,121.868084
18.581068,96.293167
18.771762,121.868084
18.824464,142.721937
18.930070,121.868084
19.062778,96.293167
19.136890,121.868084
19.184254,142.721937
19.296250,121.868084
19.428289,96.293167
19.620935,121.868084
19.668022,142.721937
19.900657,121.868084
20.032779,96.293167
20.226986,121.868084
20.274131,142.721937
20.385786,121.868084
20.513314,96.293167
20.588447,121.868084
20.635942,142.721937
20.746391,121.868084
20.879743,96.293167
21.070735,121.868084
21.123493,142.721937
21.351590,121.868084
21.484210,96.293167
21.679473,121.868084
21.722036,142.721937
21.836607,121.868084
21.964538,96.293167
22.038354,121.868084
22.090812,142.721937
22.195579,121.868084
22.333602,96.293167
22.523755,121.868084
22.570864,142.721937
22.802073,121.868084
22.935844,96.293167
23.129921,121.868084
23.178029,142.721937
23.289225,124.683375
23.418406,103.012109
23.587695,124.683375
23.657330,142.721937
25.948637,124.683375
26.077399,103.012109
26.250845,124.683375
26.319013,142.721937
29.697490,159.762381
30.055046,142.721937
30.786363,124.683375
30.913462,103.012109
31.090668,124.683375
31.158905,142.721937
32.359187,159.762381
32.715765,124.683375
32.852547,103.012109
33.994179,146.141186
34.052589,171.431308
34.522743,159.762381
35.011656,142.721937
37.803295,159.762381
37.914421,171.431308
